제조번호,제조일자,설비,제품명,제조라인,작업조,수율(%),경도_Min(N),경도_Max(N),두께_Min,두께_Max,압축력(KN),d(0.1),d(0.5),d(0.9),분해점(%),분해시간(min),타블렛 두께(mm),타블렛 직경(mm),타블렛 총두께(mm),타블렛 속도(rpm),분해비 속도(rpm),불순물_함량(mg),결함_개수,용해도(%),압축_강도(N),수율_등급
GE230101000,2023.01.01,Kilian#1,프리그렐정,1라인,야간조,94.99671415301123,6.958192124949767,7.958192124949767,6.0,6.1,13.961514928204013,0.5531693250553328,4.308286121968072,12.349928120427572,0.3,20.236015288343882,7.608512008717193,2.4536582307187538,9,87671,31,1.14,7,1.62,4.46,B등급
GE230104001,2023.01.04,Korsch#1,아스피린정,1라인,야간조,92.5867197553422,6.241196625780311,7.241196625780311,6.0,6.1,10.493584439832787,0.6628494665190547,4.848783694391832,12.0,0.3,19.903275166349076,7.513505640937585,2.357525181378654,9,87278,30,0.86,2,0.64,3.92,B등급
JE230107002,2023.01.07,Kilian#3,세프트리악손정,3라인,주간조,94.3490064225777,7.047610047761472,8.047610047761472,6.0,6.1,9.754153125103361,0.4796586775541206,4.763408512687434,12.0,0.3,22.592601852696703,7.255831270005795,2.5208863595004756,9,80201,23,1.25,4,1.81,4.66,B등급
JE230108003,2023.01.08,Korsch#2,메트포르민정,1라인,주간조,95.69686123586912,7.291226097585535,8.291226097585536,6.0,6.1,8.742175858805881,0.5397792608821422,3.578973091873424,12.0,0.3,21.228038713082256,7.568723657913692,2.3236959844637264,9,91620,28,2.47,0,0.94,4.9,A등급
JE230112004,2023.01.12,Kilian#1,아스피린정,1라인,주간조,94.82307799969404,7.165810686621664,8.165810686621665,6.0,6.1,13.665640059558099,0.4321564953554723,3.302645774918171,12.0,0.3,18.335590458658913,7.462868204667236,2.389366502599397,9,84018,34,0.01,4,2.05,6.06,B등급
GE230120005,2023.01.20,Kilian#2,세프트리악손정,1라인,주간조,96.85624002857082,7.164020966382982,8.164020966382981,6.0,6.1,11.180818012523817,0.4709760490789751,3.948506195386008,12.0,0.3,23.833938339093507,6.976050979182051,2.5821902504375225,9,90435,28,1.59,1,2.03,5.7,A등급
GE230122006,2023.01.22,Korsch#2,아스피린정,2라인,야간조,94.59176077653551,6.362905403273283,7.362905403273283,6.0,6.1,8.978556285755873,0.8955788089483032,6.905495362449602,16.45524480323082,0.3,25.058426637019558,7.565750221931937,2.447023979623296,9,92566,30,2.79,4,1.54,5.21,B등급
JE230126007,2023.01.26,Kilian#3,프리그렐정,3라인,주간조,96.4686449905329,6.936248570890084,7.936248570890084,3.6064064930764745,3.59672728652387,9.703945923433922,1.9195440478030394,9.4105974972464,28.05696286750595,0.3,17.919398646240772,7.2169258515899175,2.457935467723464,9,88286,25,0.3,4,1.74,4.64,A등급
JE230128008,2023.01.28,Korsch#2,메트포르민정,1라인,주간조,95.33871428833399,7.15508668587776,8.155086685877759,6.0,6.1,8.88728890641592,0.6515100781445529,5.174857667273339,12.0,0.3,20.629646896324207,7.992648422497057,2.4807639035218876,9,91507,29,0.43,5,2.0,7.78,A등급
JE230131009,2023.01.31,Kilian#3,프리그렐정,3라인,주간조,94.33132196238047,7.275979040592553,8.275979040592553,6.0,6.1,10.295515973521525,0.4181225090410522,4.046377227796468,12.0,0.3,23.737957254969402,7.301892734973863,2.443370227039723,9,90498,27,2.84,3,1.81,7.4,B등급
GE230202010,2023.02.02,Kilian#3,메트포르민정,1라인,야간조,92.94933656893387,6.8155025493351955,7.8155025493351955,6.0,6.1,10.136796215317592,0.4161151531532393,4.1038884277346845,12.0,0.3,21.365268323239576,7.253827136713209,2.522745993460413,9,96535,21,1.73,3,0.81,5.26,B등급
GE230214011,2023.02.14,Kilian#2,아스피린정,2라인,주간조,95.68463385853231,7.1464282241277575,8.146428224127757,6.0,6.1,10.381524644560958,0.4,3.0,12.0,0.3,19.52668900795255,7.363995055684302,2.5232253697161005,9,91465,26,1.28,4,1.04,4.68,A등급
JE230216012,2023.02.16,Korsch#2,아스피린정,3라인,야간조,96.36577451114475,7.278727327388011,8.278727327388012,6.0,6.1,9.128276804316915,0.4050636659545357,3.6340516295075114,12.0,0.3,22.048614584876734,7.5825561853873,2.582206015999449,9,99483,28,0.55,2,1.35,4.5,A등급
JE230218013,2023.02.18,Kilian#2,메트포르민정,2라인,야간조,93.74626383564251,6.607772054676594,7.607772054676594,6.0,6.1,10.961449145292947,0.6682303949633288,5.48418855937164,14.537654647465123,0.3,25.175895478047195,7.4470686333524085,2.772016916658962,9,93128,25,4.77,3,0.88,3.16,B등급
JE230227014,2023.02.27,Kilian#2,세프트리악손정,2라인,야간조,64.42665677443733,6.987652474766844,7.987652474766844,3.1321597977467834,3.639407758984421,11.357000247046045,0.6946475249147089,5.520765742989235,12.955120639404683,0.3,20.5845304155683,7.671279758864695,2.5214093744130204,9,83771,30,2.38,3,2.14,5.55,C등급
GE230301015,2023.03.01,Korsch#2,세프트리악손정,1라인,야간조,94.88531737972883,6.723374507112543,7.723374507112543,6.0,6.1,8.829104359223,0.4,3.150141203645144,12.0,0.3,21.325672871810355,7.224466126408582,2.406217496008488,9,92575,32,0.63,4,1.03,8.6,B등급
GE230302016,2023.03.02,Korsch#1,아스피린정,3라인,야간조,95.01504768630605,8.157324215827021,9.157324215827021,6.0,6.1,11.567782820090299,0.7908003526986405,6.652098447242023,16.314976873464712,0.3,21.611838007657212,7.452636278651998,2.4514636452170895,9,90409,41,2.02,2,1.04,5.3,A등급
JE230307017,2023.03.07,Korsch#1,아스피린정,3라인,야간조,92.63273480740826,6.96915153785318,7.96915153785318,6.0,6.1,10.764034067105284,0.8177901193934732,6.574460964695517,15.358407633809486,0.3,24.038399314774093,7.353926673656573,2.5216458589581974,9,90227,26,0.42,4,0.94,4.24,B등급
JE230309018,2023.03.09,Kilian#2,프리그렐정,3라인,주간조,97.64394408932533,7.454570115627937,8.454570115627938,6.0,6.1,11.093227157384714,0.4676427070463224,4.167358323768691,12.0,0.3,20.822912093455425,7.673151038834025,2.3799703592944224,9,88327,27,2.17,4,2.06,5.86,A등급
JE230311019,2023.03.11,Kilian#1,아스피린정,3라인,주간조,94.84667076742629,7.514303348826958,8.514303348826958,6.0,6.1,12.569558022832476,0.7835723894109552,7.329657213793958,19.35660829503604,0.3,23.70983600178552,7.7533822298373245,2.429233053438122,9,92219,33,0.42,1,1.9,3.92,B등급
GE230312020,2023.03.12,Kilian#2,메트포르민정,1라인,주간조,94.57306952842191,6.939449346023651,7.939449346023651,6.0,6.1,10.487806179332855,0.5494863697213679,3.7719993667885183,12.0,0.3,19.6511158870575,7.526148115457218,2.6441273289066114,9,82820,35,1.13,1,1.02,5.31,B등급
GE230313021,2023.03.13,Kilian#2,세프트리악손정,1라인,주간조,95.51023306101959,6.756570710787574,7.756570710787574,6.0,6.1,11.099529847786735,0.47995662456824106,3.874554039040938,12.0,0.3,20.974797099412385,7.81720336322907,2.376218450117315,9,100000,20,0.07,5,0.99,4.73,A등급
JE230314022,2023.03.14,Kilian#2,세프트리악손정,2라인,야간조,94.34821490496442,7.111316652441815,8.111316652441815,6.0,6.1,10.688650240089704,0.558375549928545,4.220503932098944,12.0,0.3,20.694978508581666,7.361418080947869,2.5899599875433252,9,91536,34,2.2,2,2.3,5.03,B등급
JE230315023,2023.03.15,Korsch#1,프리그렐정,1라인,주간조,96.12962884192362,6.86426438091574,7.86426438091574,6.0,6.1,11.37364680256163,0.7220740530866929,5.76614162771147,14.532681452587456,0.3,21.083197948622068,7.609419476234008,2.4797807347566105,9,88911,35,4.38,2,2.3,14.12,A등급
JE230322024,2023.03.22,Korsch#1,세프트리악손정,3라인,주간조,96.32541634898803,7.376594525698994,8.376594525698994,6.0,6.1,11.01050192081638,0.7363905942589928,5.735991375775214,14.664144791926477,0.3,22.526064325948674,7.619031405087383,2.4181779316766527,9,100000,24,3.49,4,1.0,4.65,A등급
GE230323025,2023.03.23,Korsch#1,세프트리악손정,1라인,주간조,94.28581138721226,7.276014400771246,8.276014400771246,6.0,6.1,11.312059908526077,0.7256691018528559,5.79922942839939,13.600819199512644,0.3,20.4460861767321,7.69502394668355,2.485294261849786,9,85872,28,0.2,8,1.15,5.06,B등급
GE230329026,2023.03.29,Kilian#2,메트포르민정,2라인,주간조,95.91293145427562,6.92217577958637,7.92217577958637,6.0,6.1,11.121843605745957,0.6489933142217446,4.938474926088391,12.0,0.3,18.041405821806677,7.218507245124689,2.4281555778747563,9,88932,31,2.76,4,2.22,4.95,A등급
JE230331027,2023.03.31,Kilian#1,세프트리악손정,3라인,주간조,96.97535621694955,7.454833508655561,8.454833508655561,6.0,6.1,13.190491896048655,0.4,3.1866964485833105,12.0,0.3,17.184579354164423,7.603869302848234,2.6532738913002576,9,89456,32,0.28,0,1.22,6.06,A등급
JE230404028,2023.04.04,Korsch#1,프리그렐정,3라인,주간조,96.19014399171111,6.99864825760536,7.99864825760536,6.0,6.1,11.006296200390898,0.6195352197097663,4.569776865750398,12.0,0.3,23.62676338490755,7.691854165217041,2.7153182457511558,9,86163,34,1.67,2,1.81,4.75,A등급
JE230405029,2023.04.05,Korsch#2,프리그렐정,2라인,주간조,95.68334200573835,7.725275080539137,8.725275080539138,6.0,6.1,8.380139078909613,0.48012147091119556,3.0,12.0,0.3,18.51168994353036,7.568351195155432,2.6876170839215887,9,94752,27,0.53,0,2.03,5.67,A등급
GE230406030,2023.04.06,Korsch#2,세프트리악손정,2라인,야간조,93.60158532865164,7.007734284317116,8.007734284317117,6.0,6.1,9.715729382927178,0.8358880241442574,6.452516367101707,14.41815638866339,0.3,21.979998503826458,7.747563262394692,2.3405572341205634,9,87003,30,0.08,4,1.74,5.31,B등급
GE230410031,2023.04.10,Korsch#2,아스피린정,3라인,야간조,94.54698059376474,6.819678417932701,7.819678417932701,6.0,6.1,8.266189785308704,0.5715241029957413,4.63234063982188,12.09529043361345,0.3,18.798361033130988,7.193177165852876,2.627767682189851,9,91661,26,1.66,3,2.23,4.77,B등급
JE230414032,2023.04.14,Kilian#3,세프트리악손정,1라인,야간조,96.05115197552253,7.139817587840111,8.13981758784011,6.0,6.1,9.933759240705054,1.0121495849763975,8.0,22.18820360410288,0.3,27.384853701221736,7.773726311506469,2.4035076539419897,9,93430,35,1.74,7,2.01,4.17,A등급
JE230415033,2023.04.15,Kilian#2,프리그렐정,1라인,야간조,92.74126051357689,6.4191484975579565,7.4191484975579565,6.0,6.1,10.865296582777722,0.7435084511591925,6.699246135321554,16.82221011872366,0.3,20.650902142932047,7.159323512128969,2.494445230110338,9,91920,29,2.46,3,0.96,5.35,B등급
JE230419034,2023.04.19,Korsch#2,프리그렐정,3라인,주간조,93.43255789996013,6.816519778142176,7.816519778142176,6.0,6.1,9.13483627441502,0.6733196492193696,4.916617300591279,12.0,0.3,20.763479972524408,7.691028464100247,2.401427395366446,9,92520,27,5.29,2,1.56,3.48,B등급
GE230423035,2023.04.23,Kilian#2,메트포르민정,3라인,주간조,94.70712716773765,6.938603608787398,7.938603608787398,6.0,6.1,10.723175347326409,0.4,3.865757938316037,12.0,0.3,20.277789020349356,7.477534390061834,2.4779030400466775,9,93070,33,10.87,6,1.8,5.08,B등급
GE230425036,2023.04.25,Korsch#2,세프트리악손정,3라인,야간조,93.96949885238948,6.724204413045544,7.724204413045544,6.0,6.1,8.0,0.4,3.0591314342045783,12.0,0.3,20.799512075617898,7.562250030908707,2.8,9,95597,29,3.26,4,1.69,4.97,B등급
JE230428037,2023.04.28,Kilian#1,세프트리악손정,1라인,야간조,93.54445955939957,6.372512059862685,7.372512059862685,6.0,6.1,12.821824627357847,0.4,3.0,12.0,0.3,18.973890040244775,7.498405471736676,2.647994413889003,9,90386,25,2.25,4,1.25,4.67,B등급
JE230504038,2023.05.04,Kilian#2,메트포르민정,1라인,야간조,96.02312407726966,7.263985420832363,8.263985420832363,6.0,6.1,10.904830660958195,0.4248763493230485,3.0,12.0,0.3,16.050467287505313,7.612593847338114,2.4349357430878174,9,87564,27,5.68,2,1.5,5.56,A등급
JE230508039,2023.05.08,Korsch#2,프리그렐정,3라인,주간조,94.63600923032018,6.9781574114154665,7.9781574114154665,6.0,6.1,8.93522841288992,0.5899523781101725,4.600145001448175,12.0,0.3,21.807181872440932,7.600183437524876,2.402244475520145,9,90496,33,2.09,2,0.81,5.54,B등급
GE230509040,2023.05.09,Korsch#1,메트포르민정,2라인,주간조,93.83059471887863,7.046067529601844,8.046067529601844,6.0,6.1,11.28529933429658,0.44734816869149663,3.0,12.0,0.3,18.051104158501023,7.319136674979118,2.5638592458777376,9,81692,29,2.02,3,0.86,5.44,B등급
GE230512041,2023.05.12,Kilian#2,아스피린정,3라인,야간조,93.28898380023755,6.6333475476831065,7.6333475476831065,6.0,6.1,10.569793317358023,0.5230888911540349,4.6878575338395,12.0,0.3,18.311962273222566,7.605960835583057,2.64415686206579,9,80000,26,1.21,4,2.17,5.26,B등급
JE230522042,2023.05.22,Kilian#3,세프트리악손정,3라인,주간조,73.69243524035332,10.652874783387494,11.134943348533856,3.009397431454871,3.904633076975146,9.59800740664209,0.61731795749458,4.8607050422606,13.319544667311305,0.3,34.975568052434326,7.417624606775506,2.4512393775927506,9,87837,31,2.41,4,2.11,5.67,C등급
JE230523043,2023.05.23,Korsch#1,프리그렐정,1라인,야간조,94.07901551917973,6.9948340089868974,7.9948340089868974,6.0,6.1,11.435562351715847,0.5347952935664317,4.878969309613426,12.0,0.3,18.8785013286712,7.125841615794829,2.464848651595869,9,90092,38,6.48,3,1.48,4.45,B등급
JE230527044,2023.05.27,Korsch#1,메트포르민정,3라인,주간조,95.82692737376416,7.016962578733757,8.016962578733757,6.0,6.1,9.894432345496057,0.6471229116217132,5.562415889917189,12.427453479013133,0.3,21.890719554495394,7.41694241721984,2.5632781866106287,9,100000,30,1.7,2,2.34,4.75,A등급
GE230606045,2023.06.06,Kilian#3,프리그렐정,1라인,주간조,93.74822058630033,6.73701378876796,7.73701378876796,6.0,6.1,10.315167908272123,0.42878323481822656,3.4660489971555086,12.0,0.3,19.761056733635723,7.70750798885158,2.4489983601145253,9,88650,25,1.8,2,0.6,3.06,B등급
GE230609046,2023.06.09,Korsch#1,아스피린정,2라인,주간조,93.05570673992389,6.918760821905845,7.918760821905845,6.0,6.1,10.538917337911187,0.773921184021132,6.869188401571531,17.586405907152532,0.3,22.24562455536912,7.251069059337716,2.3221279751095723,9,97480,33,1.1,1,1.71,4.84,B등급
JE230611047,2023.06.11,Korsch#1,세프트리악손정,3라인,야간조,92.44441532908955,6.8284321208049015,7.8284321208049015,6.0,6.1,12.222875989808413,0.6258442363950455,5.06145128846281,13.379394845055717,0.3,22.13746547108612,7.341905108910938,2.5471468357136,9,99410,36,4.26,5,1.82,5.21,B등급
JE230613048,2023.06.13,Korsch#2,메트포르민정,2라인,주간조,95.0931866266394,6.855953959734584,7.855953959734584,6.0,6.1,8.737106539950176,0.6111449824577389,5.436255618897385,12.0,0.3,20.633071411606345,7.414623786010516,2.3987895624739832,9,81725,34,4.34,2,1.97,4.83,A등급
JE230615049,2023.06.15,Korsch#2,프리그렐정,3라인,주간조,93.5733179671884,6.470343526796524,7.470343526796524,6.0,6.1,8.632107650354937,0.9338043050578786,7.340638764781226,16.84845395883496,0.3,22.87877983992214,6.960622671411686,2.494570513348219,9,88845,33,0.68,4,2.49,3.06,B등급
GE230616050,2023.06.16,Kilian#2,세프트리악손정,2라인,주간조,95.34895609494535,7.372865118358862,8.372865118358863,6.0,6.1,10.446737045629165,1.114671960649972,8.0,22.381391547430496,0.3,26.58686529525096,7.4711279176152114,2.4426337993119764,9,87265,29,4.55,3,2.45,5.6,A등급
GE230617051,2023.06.17,Kilian#2,세프트리악손정,1라인,주간조,92.95657522886623,6.581803788083474,7.581803788083474,6.0,6.1,10.872511391289573,0.9007985977165377,5.880903877535795,15.79376654576195,0.3,18.750102808064675,7.43146248118393,2.462855913400421,9,82962,26,0.13,2,0.63,4.94,B등급
JE230619052,2023.06.19,Kilian#2,프리그렐정,3라인,야간조,91.38942415453417,7.164623548480503,8.164623548480503,6.0,6.1,11.63577754749708,0.744334412808647,5.390149416860561,12.950853275871628,0.3,19.031171020151923,7.642599686034478,2.4759674601841866,9,88125,33,7.41,4,2.21,4.67,B등급
JE230625053,2023.06.25,Korsch#2,세프트리악손정,3라인,야간조,92.94426331148604,6.6861364814028805,7.6861364814028805,6.0,6.1,8.259468336200053,0.7231871213888528,6.082047600095014,14.895572560923544,0.3,19.945559127691165,7.684805403841381,2.481509786355701,9,87386,35,0.47,2,1.44,4.91,B등급
JE230702054,2023.07.02,Kilian#2,세프트리악손정,2라인,야간조,91.79565630945724,6.257027242036656,7.257027242036656,6.0,6.1,11.30300497567282,0.4,3.6287101269981292,12.0,0.3,18.916957889211037,7.4806573776259215,2.445508091319105,9,91995,29,0.63,1,0.83,3.32,B등급
GE230716055,2023.07.16,Korsch#1,메트포르민정,1라인,주간조,94.60330188201652,6.9945984828002645,7.9945984828002645,6.0,6.1,10.818193893893072,0.5886108752557865,4.862787886492321,12.0,0.3,21.70992884983252,7.534173087625589,2.4816016663647322,9,90092,31,7.23,4,2.44,4.15,B등급
GE230723056,2023.07.23,Korsch#2,세프트리악손정,2라인,야간조,91.96024031969064,6.462532614348371,7.462532614348371,6.0,6.1,8.310813611192485,0.6816505511428943,4.601912607024234,12.533937154886228,0.3,21.779028046070867,7.696538196789103,2.6665474444462576,9,95071,20,3.2,2,1.1,4.77,B등급
JE230725057,2023.07.25,Kilian#2,메트포르민정,2라인,야간조,91.2204230332643,6.434596730017725,7.434596730017725,6.0,6.1,11.25882951023456,0.4548512373693069,3.7321932811929943,12.0,0.3,16.47422794161814,7.315353350777819,2.3648315394383665,9,85120,35,0.53,1,1.01,5.68,B등급
JE230803058,2023.08.03,Korsch#1,세프트리악손정,1라인,야간조,91.55060111116806,7.444774730568024,8.444774730568025,6.0,6.1,11.092418061847438,0.42832844396375724,3.776782491414554,12.0,0.3,24.553328277686894,7.48078802005507,2.6149273326285676,9,86484,29,0.13,2,2.12,4.43,B등급
JE230805059,2023.08.05,Kilian#2,아스피린정,2라인,야간조,94.27080063563551,6.738989946227221,7.738989946227221,6.0,6.1,11.353875967727738,0.4875066448211465,4.2162570280969325,12.0,0.3,17.616149070153618,7.354572564835026,2.4752481364448493,9,89627,33,0.32,2,2.23,4.04,B등급
GE230806060,2023.08.06,Kilian#1,아스피린정,2라인,야간조,92.67770100093325,6.367166792480295,7.367166792480295,6.0,6.1,13.505292872641911,0.711958089586208,6.236055079466975,16.42405985321634,0.3,23.071698503690875,7.167807813296802,2.5429618219132584,9,91038,31,1.66,4,0.77,4.74,B등급
GE230809061,2023.08.09,Kilian#2,메트포르민정,3라인,야간조,91.2232514241797,6.29800818029549,7.29800818029549,6.0,6.1,10.980222423071673,0.7363001394745249,5.904560303861429,14.79115689914932,0.3,21.363488993139914,7.519224155388197,2.4537724711294957,9,87827,28,1.41,1,1.75,4.92,B등급
JE230812062,2023.08.12,Kilian#1,메트포르민정,2라인,주간조,93.72213377163371,6.728588790664328,7.728588790664328,6.0,6.1,12.752696348890247,0.5626256711677282,4.281139840204738,12.149827484865579,0.3,23.13860282137006,7.202887925392606,2.5267050265869258,9,94448,30,0.64,3,0.66,4.06,B등급
JE230813063,2023.08.13,Kilian#2,아스피린정,3라인,주간조,94.56548037506535,6.801361502476423,7.801361502476423,6.0,6.1,12.149449061809625,0.5274322879120682,3.9967070425961597,12.0,0.3,19.676855987497515,7.415962636580828,2.4718215391139493,9,83277,25,3.46,1,1.34,4.8,B등급
JE230814064,2023.08.14,Kilian#3,세프트리악손정,1라인,야간조,91.49585923324793,6.419246653793554,7.419246653793554,6.0,6.1,10.017107366268261,0.9101000985628154,6.7816237681331275,17.9383818188094,0.3,23.870263490099838,7.634963898433321,2.38772779784377,9,91912,30,1.23,4,1.65,5.56,B등급
GE230817065,2023.08.17,Kilian#2,메트포르민정,2라인,야간조,92.99245126400815,6.8859957195731605,7.8859957195731605,6.0,6.1,10.681130007874343,0.49380060899963646,3.6388346087847094,12.0,0.3,21.648837763615862,7.784100849597971,2.442925370625052,9,85838,32,3.96,2,1.58,6.67,B등급
GE230819066,2023.08.19,Korsch#2,프리그렐정,1라인,야간조,91.94777695571904,6.884657240898557,7.884657240898557,6.0,6.1,8.042127942501384,0.9095010402660123,8.0,19.822079206205263,0.3,25.48277038455244,7.566891357997405,2.565854427267283,9,100000,29,9.1,5,1.24,5.34,B등급
JE230822067,2023.08.22,Korsch#2,세프트리악손정,3라인,주간조,92.70170275546154,6.356374507141796,7.356374507141796,6.0,6.1,8.783436513563101,0.9589115727035575,7.412486932110374,18.755005281914833,0.3,26.754289187853583,8.005386485174725,2.446913122707968,9,87552,35,0.43,3,1.98,3.34,B등급
JE230823068,2023.08.23,Kilian#1,세프트리악손정,3라인,주간조,94.18189148962631,7.47220134668344,8.472201346683441,6.0,6.1,13.02035395460647,0.7181309661384618,6.299399519399149,16.568980979695237,0.3,25.41783986902593,7.733859118089135,2.6382158991037525,9,93243,29,3.64,2,2.22,4.04,B등급
JE230824069,2023.08.24,Korsch#2,아스피린정,3라인,주간조,93.64671368643333,7.22662405859584,8.22662405859584,6.0,6.1,8.98433665443645,0.5213322375345278,4.185030311743631,12.0,0.3,20.963386917295484,7.228028771804016,2.574625356602722,9,93227,40,0.8,3,2.02,4.27,B등급
GE230827070,2023.08.27,Korsch#1,메트포르민정,2라인,주간조,93.192221765047,6.8849672748038815,7.8849672748038815,6.0,6.1,11.788726639881737,0.5809408935226096,4.787037911066046,12.575491287381656,0.3,20.39487841458977,7.5388179985796615,2.607363174985977,9,84867,30,0.27,2,2.4,5.13,B등급
GE230903071,2023.09.03,Kilian#3,세프트리악손정,3라인,야간조,93.79987918506083,7.238501907183537,8.238501907183537,6.0,6.1,9.620539076364206,0.6754423750129042,6.186301014720404,15.40000227572802,0.3,26.46231527674519,7.210397219916751,2.280119404337992,9,92200,27,1.73,3,1.79,3.52,B등급
JE230904072,2023.09.04,Kilian#3,메트포르민정,3라인,주간조,94.47876718286929,7.160383652476735,8.160383652476735,6.0,6.1,9.617960684631637,0.4,3.187741626266641,12.0,0.3,23.003051613907964,7.28598304673477,2.3474474829075263,9,86540,29,1.61,2,1.82,4.37,B등급
JE230908073,2023.09.08,Korsch#1,메트포르민정,2라인,주간조,95.74333944932269,7.00196312757537,8.001963127575369,6.0,6.1,10.374230287904778,0.8887529208146518,7.068947777320931,18.789665274890453,0.3,25.308339075752794,7.613953456046441,2.5447708560017315,9,93213,36,0.3,3,0.87,3.65,A등급
JE230910074,2023.09.10,Kilian#1,메트포르민정,2라인,야간조,94.69652116970147,7.182353244246701,8.182353244246702,6.0,6.1,13.920058607724735,0.464721539588146,4.618242533160576,12.0,0.3,21.008933020950128,7.3637896685050235,2.584064354898872,9,86736,27,0.49,2,2.15,5.19,B등급
GE230911075,2023.09.11,Korsch#1,아스피린정,2라인,야간조,92.61045926905447,11.561724531356019,11.704619574684353,6.0,6.1,10.208048588257139,0.7520829312288595,6.4095635291562925,16.449366384675695,0.3,39.6660396358199,7.499279492181886,2.3841635310807456,9,97516,34,7.01,3,0.79,4.9,B등급
GE230915076,2023.09.15,Korsch#1,메트포르민정,3라인,야간조,68.57884038526109,6.935969334315393,7.935969334315393,6.0,6.1,19.911777938307452,0.5505645234958806,4.063524063968146,12.0,0.3,36.09336115260129,7.628168572253402,2.4428821010217203,9,92862,36,0.94,4,1.23,5.06,C등급
JE230927077,2023.09.27,Kilian#3,아스피린정,3라인,주간조,96.42463368291277,7.160352479267329,8.16035247926733,6.0,6.1,10.249111656806795,0.6786970770843499,5.877173226688665,15.328104868403633,0.3,21.59358201108068,7.7634788131268655,2.51975996046924,9,100000,26,3.73,4,0.85,4.58,A등급
JE230928078,2023.09.28,Kilian#2,프리그렐정,2라인,야간조,96.23596380316525,7.1829696153553195,8.182969615355319,6.0,6.1,10.758057082972838,0.5359305383611359,4.499527280090046,12.0,0.3,20.837117659608342,7.928454071722372,2.672754317010071,9,92181,30,2.23,2,0.94,4.82,A등급
JE230929079,2023.09.29,Kilian#3,세프트리악손정,2라인,야간조,94.62003132671826,7.146058524490951,8.14605852449095,6.0,6.1,9.771311731288328,0.4,3.0,12.0,0.3,21.38391780030456,7.254846867399531,2.353562511979018,9,91122,35,0.61,0,2.24,5.27,B등급
GE231001080,2023.10.01,Kilian#3,세프트리악손정,1라인,주간조,97.18392769145787,7.0807274902851045,8.080727490285105,6.0,6.1,9.880745765249646,0.5654745400118361,4.965626288838025,13.066388600508482,0.3,24.486274999706033,7.77601827082949,2.437443729849047,9,91979,32,3.15,3,2.0,4.93,A등급
GE231002081,2023.10.02,Korsch#2,프리그렐정,1라인,야간조,94.76067376582391,6.810975830428765,7.810975830428765,6.0,6.1,8.787222964504277,0.8345458038518729,6.9481665081122,16.999801938194395,0.3,17.802815727837046,7.729753140074421,2.32602862212219,9,88187,24,0.87,1,1.47,8.07,B등급
JE231004082,2023.10.04,Korsch#1,아스피린정,2라인,야간조,93.2053185242791,7.168779888641465,8.168779888641465,6.0,6.1,11.173251940865358,0.5906158842241631,4.963447487404865,12.485440609572418,0.3,23.23525394368049,7.401248683367737,2.3443418101340248,9,87859,37,0.08,2,0.92,4.41,B등급
JE231009083,2023.10.09,Kilian#3,세프트리악손정,2라인,야간조,95.35022174211349,6.930426533888991,7.930426533888991,6.0,6.1,9.73918247439131,1.0153495967121682,8.0,21.21445289672387,0.3,26.084804766414962,7.448191570835859,2.480365015091502,9,89641,29,0.54,5,1.44,5.8,A등급
JE231012084,2023.10.12,Korsch#1,아스피린정,1라인,야간조,95.22762954363698,7.038346720105888,8.038346720105888,6.0,6.1,10.959641709945709,0.615727038063218,3.9267159622396903,12.0,0.3,22.36257900987016,6.920748924361262,2.708837470478073,9,89302,35,0.34,3,1.36,4.9,A등급
GE231024085,2023.10.24,Korsch#2,아스피린정,2라인,야간조,93.46009407287447,7.029841578806217,8.029841578806217,6.0,6.1,8.488115519652098,0.9828062707733572,7.767108965805185,19.635205287692685,0.3,25.808966419791552,7.530083781028715,2.5364961002466226,9,100000,29,1.82,8,2.04,5.59,B등급
GE231028086,2023.10.28,Korsch#1,아스피린정,3라인,주간조,95.70109904671497,7.385306223473781,8.38530622347378,6.0,6.1,11.59351515278019,0.7277460444058369,5.250465898881453,14.759596279504727,0.3,22.98506907023043,7.349144829996129,2.4935861653407008,9,91643,31,0.37,1,0.91,3.83,A등급
JE231102087,2023.11.02,Kilian#3,프리그렐정,3라인,주간조,95.92192075423529,7.576305456141123,8.576305456141123,6.0,6.1,9.777921682354677,0.7928174336576714,6.937274713723692,16.11557896917224,0.3,24.460134969207918,7.440487299328002,2.637570681331162,9,89249,30,1.43,3,2.32,4.82,A등급
JE231111088,2023.11.11,Korsch#1,프리그렐정,3라인,야간조,94.32692817571613,6.937366531846053,7.937366531846053,6.0,6.1,10.279974558702852,0.9189010126449945,6.927727427000792,16.327926218045672,0.3,21.886039613643835,7.2353820413185,2.664201516013637,9,95049,26,1.43,3,0.6,3.07,B등급
JE231116089,2023.11.16,Korsch#2,아스피린정,2라인,야간조,96.7524358053443,7.469773226631909,8.469773226631908,6.0,6.1,8.0,1.0581885145181484,7.7707218827633895,17.78140595995158,0.3,28.77020779265434,7.776854563702104,2.556390912005236,9,92973,34,1.6,3,2.18,4.22,A등급
GE231119090,2023.11.19,Kilian#2,메트포르민정,2라인,야간조,95.25892858978676,7.110250286169489,8.110250286169489,6.0,6.1,10.96870343605024,0.4492070822266647,3.453319119379931,12.0,0.3,16.492988277825386,7.279282136556846,2.517989415115348,9,96960,34,0.1,4,0.72,4.87,A등급
GE231120091,2023.11.20,Korsch#1,프리그렐정,1라인,야간조,74.49750314194128,6.496061498666581,7.496061498666581,6.0,6.1,10.508756303230845,0.5550733700005951,4.715613009517036,12.0,0.3,17.74229304462807,7.379726471209757,2.5319781934142536,9,82035,32,0.66,2,1.26,4.85,C등급
JE231128092,2023.11.28,Kilian#3,메트포르민정,2라인,야간조,94.48036220107332,7.113783206432476,8.113783206432476,6.0,6.1,10.582070214986922,0.6250449005295814,4.785656433674025,12.086438587217346,0.3,21.14093943426008,7.508118338240776,2.4298008312193247,9,86685,22,3.23,3,2.0,5.16,B등급
JE231129093,2023.11.29,Korsch#2,메트포르민정,2라인,주간조,97.24957674318694,6.8517987037013075,7.8517987037013075,6.0,6.1,8.440796367215402,0.7789848753888883,6.084404163965092,16.458752482586466,0.3,23.787364565740834,7.332930589348049,2.714514912777339,9,84062,31,0.54,4,1.63,4.78,A등급
JE231211094,2023.12.11,Kilian#3,아스피린정,1라인,야간조,95.1337768809321,7.1375174173286595,8.13751741732866,6.0,6.1,9.835089650133288,0.6087622943958219,4.796597354352331,12.955372502675736,0.3,20.3627026813222,7.226039404084185,2.4911717951648744,9,100000,25,5.29,3,0.63,3.04,A등급
GE231213095,2023.12.13,Kilian#3,메트포르민정,2라인,주간조,97.13911680544406,7.717221924767339,8.717221924767339,6.0,6.1,10.184491539592639,0.9256793246257076,7.215870726511917,17.836096456177433,0.3,21.888534766702982,7.370144490986799,2.3776059733237744,9,90170,26,3.51,3,2.05,4.65,A등급
GE231215096,2023.12.15,Korsch#1,메트포르민정,1라인,야간조,94.73378591179075,6.506609897317987,7.506609897317987,6.0,6.1,11.416764480804462,0.4,3.0,12.0,0.3,21.205293340923873,7.583803801873209,2.429498814424159,9,89721,32,0.06,6,1.84,8.41,B등급
JE231219097,2023.12.19,Kilian#3,메트포르민정,2라인,야간조,94.57600539141241,7.119227336875152,8.119227336875152,6.0,6.1,9.98468041201804,0.4,3.0,12.0,0.3,20.12328724753558,7.718262024118854,2.5609138120907176,9,84538,28,0.62,3,1.86,3.76,B등급
JE231230098,2023.12.30,Korsch#1,아스피린정,2라인,야간조,95.71309769997919,7.113824844089891,8.11382484408989,6.0,6.1,11.196658919697185,0.6384098232980063,4.9527203542828,12.515341790489282,0.3,22.67388824862182,7.691340463358917,2.421401053949205,9,83343,20,3.77,5,2.27,4.4,A등급
JE240103099,2024.01.03,Kilian#2,아스피린정,2라인,주간조,96.00799132691255,6.769789150839093,7.769789150839093,6.0,6.1,11.194289302265481,1.0985999034865581,8.0,22.80290020475794,0.3,26.203670795996686,7.683815296597554,2.4709725455811347,9,91336,31,2.69,2,1.06,5.5,A등급
GE240106100,2024.01.06,Kilian#3,프리그렐정,2라인,야간조,93.83190954635695,7.180803659496653,8.180803659496654,6.0,6.1,9.522127420253579,0.7073019687140807,5.2091817588171265,13.051135554411944,0.3,23.697358908869127,7.59493964657599,2.4974973041254858,9,94088,36,1.95,7,1.12,3.83,B등급
GE240107101,2024.01.07,Kilian#3,프리그렐정,3라인,주간조,96.05781030635187,7.1088868165882015,8.108886816588202,6.0,6.1,9.367443168462314,0.5389550591290665,4.00688437195289,12.0,0.3,20.97450532216185,7.485900244388182,2.5486501643826203,9,90322,20,0.16,3,1.02,5.52,A등급
JE240109102,2024.01.09,Kilian#3,메트포르민정,3라인,야간조,93.56066460618125,6.812840193901641,7.812840193901641,6.0,6.1,10.199964364998102,0.9061501664687395,7.858582257598574,19.433012773066224,0.3,25.013841300937337,7.432582805776392,2.438659733645906,9,88487,28,0.84,4,2.37,4.77,B등급
JE240115103,2024.01.15,Kilian#1,아스피린정,2라인,야간조,94.6704162223755,7.015213816552509,8.01521381655251,6.0,6.1,13.418469084873173,0.8381292549572683,7.179811107378808,16.464629799997116,0.3,25.100954722477105,7.226624260316916,2.477523459810732,9,84149,20,5.28,1,0.68,4.42,B등급
JE240118104,2024.01.18,Kilian#1,아스피린정,3라인,주간조,96.04146272820479,7.331892820911273,8.331892820911273,6.0,6.1,11.904478853927545,0.4907511103495034,4.121910885497301,12.0,0.3,19.382313124138573,7.615858299920218,2.511958036841415,9,85134,35,0.36,3,0.8,4.97,A등급
GE240123105,2024.01.23,Korsch#2,메트포르민정,1라인,주간조,95.34147042697303,7.025955680844324,8.025955680844323,6.0,6.1,8.578358874404245,0.4230394571946198,3.2978426275952466,12.0,0.3,16.751034728811746,7.794234065498721,2.4790676322848135,9,86654,35,1.39,2,1.44,5.24,A등급
GE240124106,2024.01.24,Kilian#1,프리그렐정,3라인,야간조,93.89438446026314,7.437241360090395,8.437241360090395,6.0,6.1,12.956044295927148,1.0314616426531007,7.948835679723136,20.614184571317146,0.3,27.91057486445617,7.812302239345371,2.5032004149065767,9,86232,32,2.17,4,2.01,4.72,B등급
JE240125107,2024.01.25,Korsch#2,아스피린정,1라인,야간조,93.82228463024789,7.486244637282777,8.486244637282777,6.0,6.1,8.617339224343946,0.6369360611729816,4.421925344619005,12.0,0.3,18.72781110357564,7.290617803463612,2.5536652752527287,9,95928,33,4.69,4,2.01,5.32,B등급
JE240126108,2024.01.26,Kilian#1,프리그렐정,1라인,야간조,95.49604768580582,6.822566242009744,7.822566242009744,6.0,6.1,13.950666825977743,0.5354640322315728,4.158295749625059,12.0,0.3,21.773742302119068,7.933000468980217,2.4356481769619855,9,94639,30,1.06,3,2.27,4.44,A등급
JE240130109,2024.01.30,Kilian#2,메트포르민정,1라인,주간조,95.76859227886325,7.535399755810085,8.535399755810085,6.0,6.1,11.269148039524817,0.8145014674619604,6.3335353749242405,14.994628769971595,0.3,18.564601206233796,7.911241425988065,2.389679163427832,9,88893,28,4.52,5,1.13,4.45,A등급
GE240210110,2024.02.10,Korsch#2,아스피린정,3라인,주간조,95.8074066978091,7.3254618335426995,8.3254618335427,6.0,6.1,8.508461280715531,0.5665756572427176,4.673895233185891,12.0,0.3,21.699973381667093,7.646975557209964,2.5662881268667412,9,95867,30,0.42,2,1.18,5.46,A등급
GE240213111,2024.02.13,Kilian#1,메트포르민정,2라인,야간조,93.20316805204415,6.940223190730208,7.940223190730208,6.0,6.1,12.935691659125121,0.7172728037510187,6.357323965724967,15.914581491048478,0.3,26.361720634794715,7.548150635897714,2.7601683114180395,9,92827,21,1.12,4,0.74,5.11,B등급
JE240215112,2024.02.15,Kilian#2,세프트리악손정,2라인,주간조,96.25334162110454,7.239681677575287,8.239681677575287,6.0,6.1,11.336590675634978,0.5723088032032452,3.9663213074812784,12.0,0.3,18.69234310609914,7.617715680884122,2.6669904504351405,9,91973,24,0.68,3,1.1,5.86,A등급
JE240305113,2024.03.05,Kilian#1,메트포르민정,3라인,야간조,94.94460266822014,10.8279157953719,11.914820154789842,6.0,6.1,16.31587340263998,0.6029376389458394,4.431051955025596,12.0,0.3,21.702020048517976,7.32250156443958,2.456254169967659,9,93611,28,1.81,3,0.83,5.06,B등급
JE240308114,2024.03.08,Korsch#1,메트포르민정,1라인,야간조,96.2269638512334,7.00280552943896,8.002805529438959,6.0,6.1,11.466295415936544,0.4,3.0,12.0,0.29312269210744946,15.19621857757601,8.01163985713365,2.443575240134261,9,90922,37,4.65,2,1.97,4.5,A등급
GE240309115,2024.03.09,Korsch#1,메트포르민정,3라인,야간조,96.50609288815912,7.769060361806831,8.769060361806831,6.0,6.1,11.512031262905731,0.7185053898402366,6.137223656805212,14.791873425684496,0.3,22.389187798020345,7.465963075495014,2.4546771950672723,9,93481,34,2.15,5,2.14,4.67,A등급
GE240314116,2024.03.14,Kilian#2,아스피린정,2라인,주간조,95.58840688629185,7.502099712945763,8.502099712945764,6.0,6.1,10.90317027036014,0.45663553587943895,3.0,12.0,0.3,21.385329116686638,7.626162336910956,2.3975813175670795,9,99270,36,2.14,5,1.3,5.23,A등급
JE240321117,2024.03.21,Kilian#3,메트포르민정,3라인,주간조,96.08209770346862,7.040264540691913,8.040264540691913,6.0,6.1,9.713896611964474,0.8177497239408372,7.484290944494003,20.253970889507197,0.3,22.887750578175577,7.5281772493822405,2.3231560634437147,9,91615,29,0.22,3,1.43,5.25,A등급
JE240324118,2024.03.24,Kilian#3,메트포르민정,3라인,주간조,95.03396349813175,6.524985429633137,7.524985429633137,6.0,6.1,9.633649580169045,0.4,3.0,12.0,0.3,20.173763421848815,7.408580748682746,2.439778793963822,9,92343,25,0.25,6,0.93,5.07,A등급
JE240404119,2024.04.04,Korsch#1,세프트리악손정,2라인,주간조,95.80179189981946,7.310003273497353,8.310003273497353,6.0,6.1,10.949922961760024,0.5592652499646068,4.035130706338574,12.0,0.3,20.36520421953564,7.68271692524665,2.4196821049319657,9,97463,28,2.69,1,1.82,4.66,A등급
GE240407120,2024.04.07,Korsch#1,아스피린정,2라인,야간조,94.47863270565156,6.723699766820809,7.723699766820809,6.0,6.1,11.442022698180525,0.7473687794184867,5.838286456788786,14.662706859196838,0.3,19.206261715825335,7.394189464530741,2.5794264679621826,9,83728,31,1.52,1,0.85,4.68,B등급
GE240409121,2024.04.09,Kilian#3,세프트리악손정,1라인,주간조,94.1434181953766,7.054270814267717,8.054270814267717,6.0,6.1,9.092434092047245,0.8329478708914343,6.29628717873245,14.930465509816743,0.3,24.7625074537658,7.296835636204321,2.5061679849847973,9,92144,33,0.7,5,2.14,11.22,B등급
JE240414122,2024.04.14,Korsch#2,메트포르민정,1라인,야간조,94.67644155527722,6.857535803802725,7.857535803802725,6.0,6.1,8.843071941523188,0.4,3.0,12.0,0.3,12.522292954839813,7.298053859058013,2.5619154261005197,9,100000,30,0.6,6,1.36,4.78,B등급
JE240415123,2024.04.15,Kilian#3,아스피린정,2라인,주간조,94.77199705877086,6.922330773545634,7.922330773545634,6.0,6.1,9.577017910437732,0.44016159866994925,3.2799210282685776,12.0,0.3,21.872593898145485,7.564615854623206,2.4747646497873714,9,88540,22,0.11,4,1.42,3.51,B등급
JE240418124,2024.04.18,Kilian#1,세프트리악손정,1라인,주간조,96.38310977714715,7.114959818610875,8.114959818610874,6.0,6.1,14.79655378392243,0.6597505816731373,4.902109128337506,12.0,0.3,21.14099843339464,7.212344404336527,2.5919228934575202,9,86659,39,1.9,2,1.66,3.89,A등급
GE240424125,2024.04.24,Korsch#2,메트포르민정,2라인,주간조,96.58004806571465,7.02380823787384,8.02380823787384,6.0,6.1,8.833927755263703,0.7705547350244439,6.406804288842789,15.1706540671161,0.3,24.645248668720374,7.4330449335786914,2.4596351536758005,9,85224,32,3.47,4,1.45,4.93,A등급
GE240501126,2024.05.01,Kilian#1,프리그렐정,3라인,야간조,96.56252491924315,6.835992617648033,7.835992617648033,6.0,6.1,13.906110277707715,0.584071721750857,4.898759672131723,12.0,0.3,20.21796429608212,7.697145999135973,2.618738605156475,9,100000,32,0.86,2,2.11,4.46,A등급
JE240512127,2024.05.12,Korsch#1,세프트리악손정,1라인,주간조,95.82579631658217,7.140894922131418,8.140894922131418,6.0,6.1,11.169241921730846,0.5409197179721941,4.41158823191236,12.346568115388859,0.3,23.45304117995252,7.763423013467973,2.4881931473008922,9,80000,26,0.18,3,1.46,4.68,A등급
JE240515128,2024.05.15,Korsch#2,아스피린정,2라인,주간조,96.79699454656111,7.1728390359664465,8.172839035966447,6.0,6.1,8.547612539385891,0.7681240053009106,6.4183588265079745,15.806964967100242,0.3,22.119966185462477,7.3155179631003,2.6615375689469443,9,88388,36,3.68,2,1.26,5.24,A등급
JE240520129,2024.05.20,Kilian#1,세프트리악손정,3라인,야간조,96.02131605192245,7.401624874636633,8.401624874636633,6.0,6.1,13.401865045168304,0.5951608787218168,4.30943609940947,12.0,0.3,22.92433354204577,7.407076540540322,2.520115965587284,9,91416,28,0.97,3,1.11,5.23,A등급
GE240526130,2024.05.26,Kilian#1,세프트리악손정,3라인,야간조,95.08669380147528,6.86619828316077,7.86619828316077,6.0,6.1,12.527010159876625,0.6252759159092823,5.9716718268034015,13.928848242402928,0.3,22.992239820519295,7.5359163563879195,2.535063009927356,9,92445,33,5.39,1,2.37,5.17,A등급
GE240527131,2024.05.27,Korsch#2,세프트리악손정,2라인,야간조,95.60969984195623,7.183915581274176,8.183915581274176,6.0,6.1,9.136286850601365,0.9799763869790431,7.773494222641058,18.459206251932002,0.3,23.988840798058806,7.065466090797193,2.584742167715042,9,87323,29,0.07,3,1.32,5.98,A등급
JE240601132,2024.06.01,Kilian#2,프리그렐정,2라인,야간조,92.83198033056901,6.840347936990621,7.840347936990621,6.0,6.1,10.782256814715078,0.7026211596352165,5.491195938289774,14.466800326611938,0.3,20.36252275921678,7.7171964232350065,2.446403655488595,9,94040,31,0.35,4,2.44,5.86,B등급
JE240603133,2024.06.03,Kilian#3,아스피린정,3라인,야간조,94.33818367679513,6.866778572967957,7.866778572967957,6.0,6.1,9.890290197056133,0.5393640434331449,4.714883298436185,12.0,0.3,17.94984297566855,7.690061518394715,2.6710613372581924,9,89477,29,0.14,3,0.73,5.25,B등급
JE240605134,2024.06.05,Kilian#1,아스피린정,3라인,야간조,92.57005216311317,7.1055687070937745,8.105568707093774,6.0,6.1,13.319184491367391,0.795039525956486,6.6108632926218105,16.71673984815327,0.3,17.95190533807816,7.635575063906182,2.434592431687258,9,80846,32,1.9,5,1.82,4.89,B등급
GE240613135,2024.06.13,Kilian#3,아스피린정,2라인,주간조,94.87365854516295,6.946131300127988,7.946131300127988,6.0,6.1,10.706139128994323,0.8629828907168094,7.723845390420172,20.05174096712232,0.3,21.821938859766824,7.45078750237401,2.415675340468381,9,100000,29,1.6,3,2.17,4.68,B등급
GE240624136,2024.06.24,Kilian#3,메트포르민정,2라인,야간조,92.62320480678449,6.92776609349059,7.92776609349059,6.0,6.1,10.747525520215376,0.4754701276531096,3.901064748843498,12.0,0.3,18.28155746139478,7.492592640590318,2.457069777548274,9,86537,22,3.37,3,1.25,3.59,B등급
JE240625137,2024.06.25,Korsch#1,아스피린정,3라인,주간조,93.4168944273713,6.39027333052783,7.39027333052783,6.0,6.1,11.041219876467252,0.4,3.0,12.0,0.3,20.19646401716497,7.124965506070851,2.511502607914742,9,89199,33,0.22,2,1.33,5.58,B등급
JE240627138,2024.06.27,Kilian#3,아스피린정,3라인,야간조,92.71319662823768,6.545728863302123,7.545728863302123,6.0,6.1,9.501987071598256,0.8152014277197197,6.5322672460937286,18.23185880098733,0.3,22.699115866672738,7.197257121477435,2.3196860323744053,9,82079,31,0.15,3,0.86,3.34,B등급
JE240629139,2024.06.29,Kilian#1,프리그렐정,2라인,주간조,94.00872502322993,6.426515291713352,7.426515291713352,6.0,6.1,12.95846947415828,0.6293586023971098,5.840979133304591,15.49928714912701,0.3,20.967259123732934,7.069636919734139,2.428084668075758,9,88944,25,3.51,1,1.34,5.64,B등급
GE240630140,2024.06.30,Korsch#1,메트포르민정,2라인,주간조,93.3687430329077,6.8599298681784004,7.8599298681784004,6.0,6.1,10.67499870958827,0.6337309343933455,5.290817799931468,12.136645422385824,0.3,20.87114644662439,7.50376992458897,2.5708214423256557,9,91166,34,0.37,5,1.61,5.01,B등급
GE240703141,2024.07.03,Korsch#2,메트포르민정,3라인,주간조,93.78712416520183,6.694981204128052,7.694981204128052,6.0,6.1,8.22813689633967,0.6217119411553046,4.957080533920206,12.184584477527975,0.3,17.32859414776871,7.390255018451808,2.5092844901141116,9,90799,24,2.63,6,0.94,7.35,B등급
JE240705142,2024.07.05,Kilian#1,세프트리악손정,2라인,야간조,93.7657078408647,6.61671832962212,7.61671832962212,6.0,6.1,13.413597180935842,0.47075453803123934,4.653691750554671,12.0,0.3,22.221460908401056,7.365875958184671,2.639246530006433,9,88749,31,5.45,5,1.77,4.99,B등급
JE240706143,2024.07.06,Korsch#1,메트포르민정,2라인,야간조,92.76032183877122,6.735739561435958,7.735739561435958,6.0,6.1,11.396744360276106,0.4,3.0,12.0,0.3,19.74031298495981,7.281806713956961,2.4589185712045416,9,84471,28,1.03,4,1.56,4.21,B등급
JE240712144,2024.07.12,Korsch#1,메트포르민정,2라인,야간조,92.19196571581426,6.953094731262228,7.953094731262228,6.0,6.1,11.697841905394977,0.48756639468433954,3.7959202206024525,12.0,0.3,20.832884445837507,7.823116564709647,2.376565112812008,9,87037,29,2.26,3,1.96,4.85,B등급
GE240719145,2024.07.19,Kilian#3,프리그렐정,2라인,야간조,92.78016115881961,6.535135059905467,7.535135059905467,6.0,6.1,9.663080326464542,0.5971095458243442,5.050018490596603,12.631468496302446,0.3,21.09651464029956,7.482327408158933,2.4629988970117873,9,88706,37,3.58,3,2.19,5.14,B등급
GE240720146,2024.07.20,Korsch#2,아스피린정,1라인,주간조,94.06091944794125,6.817447849385377,7.817447849385377,6.0,6.1,8.633090255121996,0.8346249275173283,6.861820516237674,17.047249146589955,0.3,20.38187226915798,7.274646506218039,2.3806074993600945,9,90714,38,1.13,2,2.33,5.33,B등급
JE240724147,2024.07.24,Kilian#1,메트포르민정,1라인,야간조,94.73130014619264,7.164545345051491,8.16454534505149,6.0,6.1,12.29947113292363,0.49146524005319564,3.5378300444714457,12.0,0.3,18.167682601069494,7.104140037924842,2.5747910256117534,9,84636,31,1.32,3,1.12,4.76,B등급
JE240728148,2024.07.28,Kilian#1,메트포르민정,3라인,야간조,94.57408266974997,6.68159288949907,7.68159288949907,6.0,6.1,13.056997889059945,0.8201919269997142,7.54070914310801,17.622223263317608,0.3,22.8804907180987,7.478810329139173,2.7644343347017033,9,82485,31,1.7,2,0.58,5.75,B등급
JE240801149,2024.08.01,Kilian#3,프리그렐정,1라인,야간조,92.96769317176543,7.122505214658347,8.122505214658347,6.0,6.1,10.054025269752051,0.5216702865156417,4.307925762747687,12.0,0.3,19.474090393598637,7.5754200787804375,2.497073718631502,9,95630,29,0.85,4,2.11,4.65,B등급
GE240803150,2024.08.03,Korsch#2,메트포르민정,2라인,주간조,91.72696753179312,7.051273203393509,8.05127320339351,6.0,6.1,8.473116830675592,0.48086774119130155,4.534160976115821,12.0,0.3,21.71197773128753,7.544647782825832,2.4945105999383714,9,91427,32,5.87,3,2.07,3.62,B등급
GE240807151,2024.08.07,Kilian#1,메트포르민정,1라인,야간조,93.14521558595006,6.981202898396041,7.981202898396041,6.0,6.1,13.101330789846337,0.5697453432692976,4.46050860597804,12.285041611812165,0.3,15.26174353657752,7.631180155305953,2.5194736194718774,9,89906,28,9.28,0,1.71,5.15,B등급
JE240814152,2024.08.14,Korsch#2,프리그렐정,3라인,야간조,93.62411271998602,7.146669210635459,8.146669210635459,6.0,6.1,9.003526143562269,0.40566865309174277,3.0,12.0,0.3,19.787316656381538,7.6026170840194585,2.5725095786848,9,92580,26,2.33,1,2.38,3.4,B등급
JE240816153,2024.08.16,Kilian#1,세프트리악손정,3라인,야간조,92.93192254467394,7.033315112035699,8.033315112035698,6.0,6.1,13.794456685737321,0.7416607694402128,6.109010259292494,16.34267588654766,0.3,21.407588640818396,7.467386607211247,2.425509735519355,9,86624,29,1.95,2,1.11,4.58,B등급
JE240820154,2024.08.20,Kilian#3,세프트리악손정,3라인,야간조,91.70758007900004,6.578369549008292,7.578369549008292,6.0,6.1,10.006646853686469,0.6002410950724448,4.393384445045463,12.0,0.3,17.60623366178508,7.347455044286757,2.4230857650212703,9,85300,34,1.08,2,0.84,5.75,B등급
GE240821155,2024.08.21,Kilian#2,메트포르민정,1라인,야간조,92.3061738612272,6.651262933729536,7.651262933729536,6.0,6.1,11.317709015104613,0.4,3.0,12.0,0.3,16.079988774950383,6.896097568835835,2.5183849544753696,9,99002,36,4.56,1,1.29,4.76,B등급
GE240826156,2024.08.26,Kilian#1,메트포르민정,1라인,야간조,92.70965941527463,6.623475085837848,7.623475085837848,6.0,6.1,12.713226900147765,0.6952715538712438,5.814907510553264,15.597478683882041,0.3,23.583571276298557,7.398207274858501,2.4974425687808006,9,81154,26,0.21,0,1.82,4.43,B등급
JE240827157,2024.08.27,Korsch#1,아스피린정,1라인,야간조,92.09071756188689,6.551845236808312,7.551845236808312,6.0,6.1,10.5887900338089,0.8242061334648942,6.593752600178252,16.475081179307015,0.3,23.547921957371464,7.665019652933527,2.41328697842891,9,86709,28,0.53,0,2.17,5.17,B등급
JE240828158,2024.08.28,Korsch#1,메트포르민정,3라인,주간조,92.15412907652679,6.469635549736229,7.469635549736229,6.0,6.1,11.437194590356365,0.652512265800385,5.316893082086852,14.143130667385103,0.3,22.85249503355033,7.479355649413501,2.5265362349399627,9,87086,20,7.35,1,0.96,4.7,B등급
JE240831159,2024.08.31,Kilian#2,아스피린정,2라인,주간조,93.3657208378137,7.263396524611352,8.263396524611352,6.0,6.1,11.482698742295586,0.8472261443612435,6.822137950370667,17.252660583332265,0.3,22.994184579612032,7.6231542299542285,2.6203884437168816,9,89302,27,0.08,3,1.29,4.95,B등급
GE240908160,2024.09.08,Kilian#1,세프트리악손정,2라인,야간조,94.5005279588566,7.130414820564393,8.130414820564393,6.0,6.1,12.05190952343138,0.48989263010168327,3.3087848278563867,12.0,0.3,17.975414117950802,7.790493506894149,2.532674476460232,9,91502,33,0.06,3,0.52,4.66,B등급
GE240909161,2024.09.09,Korsch#1,메트포르민정,3라인,주간조,94.36116688221924,7.247850224448005,8.247850224448005,6.0,6.1,11.335240308620607,0.4,3.0,12.0,0.3,16.49002802545714,7.326067383745061,2.612543478441477,9,84052,38,0.08,3,1.3,10.28,B등급
JE240910162,2024.09.10,Korsch#1,메트포르민정,3라인,야간조,93.59937926535213,7.051455504217728,8.051455504217728,6.0,6.1,11.301593715541172,0.49117719957716144,3.8480211435811444,12.0,0.3,21.312134708014543,7.397357286705683,2.477140008465998,9,85028,20,1.57,2,1.92,5.5,B등급
JE240913163,2024.09.13,Kilian#1,프리그렐정,3라인,주간조,95.30897223739983,7.754681850223857,8.754681850223857,6.0,6.1,13.190369810132802,0.5474218341583464,4.390607619672795,12.0,0.3,22.99046247151634,7.643076263088249,2.5718185725707934,9,92192,30,0.63,5,1.25,4.6,A등급
JE240915164,2024.09.15,Korsch#2,메트포르민정,3라인,야간조,95.17286123596682,7.194830363719095,8.194830363719095,6.0,6.1,8.51319911355155,0.6203712590523973,5.737480148166772,13.104593294763028,0.3,21.881818329854546,7.510177540371203,2.517334166437041,9,91219,28,0.1,3,2.16,4.7,A등급
GE240918165,2024.09.18,Kilian#1,세프트리악손정,2라인,야간조,95.98986343860209,6.618715150317254,7.618715150317254,6.0,6.1,13.148372619925476,0.4,3.0,12.0,0.3,18.895850269222997,7.247967046965484,2.4383638591960524,9,88124,28,0.51,4,2.36,3.2,A등급
GE240925166,2024.09.25,Korsch#2,메트포르민정,1라인,야간조,95.78164379500377,7.245471697717915,8.245471697717914,6.0,6.1,8.923252389216003,0.699644349699357,6.167229316855489,16.9986139787071,0.3,21.877591966932872,7.248484428217076,2.476598014089302,9,92331,34,1.2,2,2.24,3.17,A등급
JE240926167,2024.09.26,Kilian#2,아스피린정,1라인,야간조,94.42404897635748,6.846450640659295,7.846450640659295,6.0,6.1,10.58242854918499,1.0179077443389546,7.339431441152607,18.53331918177724,0.3,24.280259280008618,7.461992192999701,2.4642554577189575,9,89098,36,0.47,4,0.6,4.36,B등급
JE241001168,2024.10.01,Kilian#3,메트포르민정,2라인,주간조,93.2881380886705,7.288843919255947,8.288843919255946,6.0,6.1,9.766673835382793,0.5141511159402676,4.407485562407501,12.0,0.3,23.758914023641207,7.227365199081438,2.5189706167610395,9,86690,32,1.17,2,1.29,4.51,B등급
JE241002169,2024.10.02,Kilian#2,아스피린정,1라인,야간조,94.51914777741575,6.759468705028283,7.759468705028283,6.0,6.1,11.902174054893372,0.5618192416545402,4.854432904310412,12.0,0.3,21.36621720721319,7.796823205707193,2.535561334878566,9,88434,29,0.35,3,2.11,5.33,B등급
GE241005170,2024.10.05,Kilian#3,프리그렐정,2라인,주간조,94.24959226603028,7.1063138245096376,8.106313824509638,6.0,6.1,9.67395483358346,0.5059915704480997,4.180871678410822,12.0,0.3,24.20717330832626,7.450594859850801,2.464165984797878,9,86762,33,2.86,2,0.8,4.6,B등급
GE241012171,2024.10.12,Korsch#1,메트포르민정,1라인,주간조,95.3187758267819,6.837065671181762,7.837065671181762,6.0,6.1,11.709801502256818,0.4799152868522589,3.0,12.0,0.3,20.717573442166206,7.105979236457633,2.589259733829931,9,83944,33,1.05,4,0.61,4.33,A등급
JE241016172,2024.10.16,Korsch#1,프리그렐정,2라인,야간조,94.51427306783643,6.665245480964649,7.665245480964649,6.0,6.1,11.343159228478351,0.6211788906230469,5.261637615220617,15.130534622567028,0.3,25.79969246122076,7.520871187504643,2.4101215951676873,9,83348,29,0.07,3,1.89,3.43,B등급
JE241017173,2024.10.17,Korsch#1,프리그렐정,1라인,주간조,96.42165011192446,7.103900275079186,8.103900275079187,6.0,6.1,10.27441215497422,0.5975822104307891,4.154460961239753,12.0,0.3,19.53336855550007,6.979157228674573,2.5198948146796494,9,92183,32,2.05,2,2.27,7.52,A등급
JE241023174,2024.10.23,Korsch#2,메트포르민정,3라인,야간조,95.73578219182215,6.7522621152875,7.7522621152875,6.0,6.1,9.396253756238988,0.4,3.0,12.0,0.3,18.085870274759163,7.402554287177289,2.432429192083839,9,90170,24,0.71,2,1.32,5.38,A등급
GE241024175,2024.10.24,Kilian#3,아스피린정,3라인,주간조,94.41417487111481,7.145229471998432,8.145229471998432,6.0,6.1,10.233156250454606,0.6925182585707902,4.677242704171023,12.0,0.3,18.54543999176659,7.407119147538123,2.5462060893251897,9,93916,28,3.5,4,2.15,4.43,B등급
GE241027176,2024.10.27,Korsch#1,메트포르민정,1라인,야간조,93.90248980530836,7.316959939040389,8.31695993904039,6.0,6.1,11.489429025390898,0.6170636285130048,4.532376167283575,12.0,0.3,21.087044447603553,7.780319718589286,2.565045009253614,9,82484,35,1.01,2,1.98,3.89,B등급
JE241105177,2024.11.05,Kilian#1,아스피린정,2라인,주간조,94.50193937268558,6.835002555682853,7.835002555682853,6.0,6.1,14.197833744891982,1.9381215700570396,8.798825498663339,28.154079746902035,0.3,29.282751566358314,7.435866474888561,2.6795211355912323,9,91150,32,2.23,2,0.66,5.3,B등급
JE241107178,2024.11.07,Kilian#3,프리그렐정,1라인,주간조,96.16592425205447,7.243068408389783,8.243068408389783,6.0,6.1,9.59137340672654,0.48833964921079387,3.3566400772005034,12.0,0.3,20.331096444114515,7.834898486669507,2.499440398117095,9,93343,24,1.72,5,1.08,5.56,A등급
JE241108179,2024.11.08,Kilian#3,세프트리악손정,1라인,야간조,94.1129002975256,7.119951357022293,8.119951357022293,6.0,6.1,9.75301652616791,0.5856801496283867,3.9265043236866886,12.0,0.3,20.88002583641819,7.600133144276242,2.504977368718096,9,90035,26,1.26,3,1.32,4.08,B등급
GE241110180,2024.11.10,Korsch#2,메트포르민정,3라인,주간조,96.19882842020253,7.24617472533707,8.24617472533707,6.0,6.1,8.53698257866621,0.4,3.0,12.0,0.2708227995077808,18.526573700927358,7.421597472016174,2.6059936384046622,9,93085,33,1.66,5,0.9,8.45,A등급
GE241113181,2024.11.13,Kilian#2,세프트리악손정,2라인,주간조,94.13404428879947,7.276987624495868,8.276987624495867,6.0,6.1,10.815361430376898,0.6286776934684501,4.141303931298442,12.0,0.3,17.67561574817632,7.195528162756422,2.6112688374989927,9,86853,37,2.34,4,1.61,4.61,B등급
JE241121182,2024.11.21,Korsch#2,아스피린정,3라인,야간조,93.9641985369477,6.384212466416887,7.384212466416887,6.0,6.1,9.41790581000347,0.5688203644126665,4.276419267056031,12.0,0.3,22.660330828551352,7.789699845978586,2.4640231354210913,9,83369,27,3.02,0,2.14,5.33,B등급
JE241123183,2024.11.23,Korsch#1,메트포르민정,1라인,야간조,94.76028050658289,6.6869003727951055,7.6869003727951055,6.0,6.1,11.171893940774943,0.5902695296859097,4.7385547351930715,12.0,0.3,18.695479463104693,7.6780396822249575,2.603524933472375,9,80769,25,0.58,5,0.71,4.64,B등급
JE241127184,2024.11.27,Kilian#1,세프트리악손정,3라인,야간조,93.00347074490992,6.605339894168922,7.605339894168922,6.0,6.1,12.475177390150733,0.41562803737493736,3.0,12.0,0.3,17.188965574223403,7.53536417442788,2.4453319915412735,9,88641,38,0.27,6,1.85,4.77,B등급
GE241128185,2024.11.28,Kilian#1,세프트리악손정,2라인,야간조,95.84046105179034,6.694171734100755,7.694171734100755,6.0,6.1,13.605698277245795,0.4,3.372167559873241,12.0,0.3,18.149169767019302,7.703532293368701,2.5271495310825647,9,92757,31,2.26,3,1.71,5.45,A등급
GE241129186,2024.11.29,Korsch#1,메트포르민정,1라인,주간조,95.89069592092814,6.691127953599489,7.691127953599489,6.0,6.1,11.584794996213887,0.5541218511863945,4.411236334584224,12.0,0.3,20.892606550380705,7.487561796600138,2.6124353359870502,9,88329,32,2.29,3,1.36,3.65,A등급
JE241130187,2024.11.30,Kilian#1,세프트리악손정,1라인,야간조,93.48033566130789,6.840967920868518,7.840967920868518,6.0,6.1,13.31265396102047,0.5260946142333283,4.1430206160307925,12.0,0.3,17.378645154281884,7.849916780841085,2.6381454078690485,9,83538,33,2.93,2,1.88,5.31,B등급
JE241202188,2024.12.02,Korsch#2,메트포르민정,3라인,야간조,93.99702522944865,6.978748687544184,7.978748687544184,6.0,6.1,8.68279609984184,0.44324686688272064,3.2007044089036354,12.0,0.3,18.408427973290213,7.356848002177849,2.568205206571262,9,97436,27,2.75,2,0.62,4.34,B등급
JE241205189,2024.12.05,Korsch#2,세프트리악손정,2라인,야간조,94.73940450053537,7.123845983144418,8.123845983144417,6.0,6.1,8.837977633958044,0.7485364836719445,6.229416345715884,14.33587844196241,0.3,23.942520895514686,7.347342779164284,2.50379378354476,9,93416,28,0.28,3,2.2,4.86,B등급
GE241209190,2024.12.09,Korsch#1,프리그렐정,2라인,야간조,95.57297804776601,7.766459553162409,8.76645955316241,6.0,6.1,10.309477698423112,0.6607637191209751,5.646891005530873,13.886361139982412,0.3,19.26596897054471,7.638583724606322,2.4394139179241106,9,98596,39,5.29,2,1.43,3.94,A등급
GE241210191,2024.12.10,Kilian#1,메트포르민정,2라인,주간조,94.73334341221666,6.808467200449091,7.808467200449091,6.0,6.1,13.006434675105242,0.5909177564135524,4.740036261579624,12.0,0.3,18.585753200747355,7.401375435520046,2.6443632003468815,9,83717,34,0.03,1,1.02,3.06,B등급
JE241214192,2024.12.14,Kilian#3,프리그렐정,2라인,주간조,95.22103706966818,6.9381756564180685,7.9381756564180685,6.0,6.1,10.070025647284446,0.7141225994439062,6.19707312581768,15.161374431360878,0.3,20.41038616256484,7.334917894004209,2.7949094425308725,9,96223,23,2.0,3,1.6,3.38,A등급
JE241218193,2024.12.18,Kilian#2,프리그렐정,2라인,주간조,94.17754204325642,7.062314022841189,8.06231402284119,6.0,6.1,11.274441917658683,0.5490088412892604,4.329343600312633,12.0,0.3,16.1370185169754,7.454040073884961,2.4148593565739684,9,90876,44,0.7,4,2.43,5.81,B등급
JE241219194,2024.12.19,Kilian#3,세프트리악손정,1라인,야간조,94.8674816654743,6.892689260695711,7.892689260695711,6.0,6.1,10.141343943604607,0.6840188980903682,5.7755764813307815,16.495484768156494,0.3,24.195006537701158,7.314723774003692,2.5555512646342247,9,85406,27,1.39,1,0.68,5.98,B등급
GE241222195,2024.12.22,Korsch#2,아스피린정,1라인,주간조,95.2049100857621,7.313236024379623,8.313236024379624,6.0,6.1,8.177141311776808,0.6109868221999697,4.533104650225171,12.0,0.3,19.42016278053216,7.985343297269105,2.5432959825360695,9,83111,27,1.84,2,2.33,4.47,A등급
GE241224196,2024.12.24,Korsch#2,프리그렐정,2라인,주간조,96.5213832954294,7.778671161403918,8.778671161403917,6.0,6.1,8.0,0.9741930350743564,7.988351369280303,19.102585691324393,0.3,19.27979736762844,7.500675101319432,2.5327821172843086,9,94621,24,2.51,2,1.55,4.86,A등급
JE241225197,2024.12.25,Korsch#2,프리그렐정,2라인,야간조,94.58568716140336,6.68094132832246,7.68094132832246,6.0,6.1,8.352326838818488,0.5183798321679558,3.6491309599485318,12.0,0.3,19.417740680932667,7.507647598992006,2.355140858536646,9,88501,29,2.39,5,2.08,5.59,B등급
JE241227198,2024.12.27,Korsch#2,프리그렐정,1라인,주간조,98.12079309102998,6.978489201370749,7.978489201370749,6.0,6.1,9.298429386732904,0.6561272808980273,6.128328489281785,15.692926695811325,0.3,22.74022204187057,7.744713776483725,2.609646923381088,9,86871,23,5.83,2,0.5,5.58,A등급
JE241230199,2024.12.30,Kilian#2,아스피린정,1라인,주간조,95.29701936260435,6.789690366941141,7.789690366941141,6.0,6.1,11.61871906734207,0.508539668982642,4.046905661205349,12.0,0.3,15.593864775941675,7.378659941046941,2.5211283692279474,9,96000,27,0.63,2,1.82,5.61,A등급
